empleado_id,area,nivel,antiguedad_anios,salario_mensual,horas_capacitacion,satisfaccion,renuncio
1001,Ventas,Analista,4.4,18344.0,24,5,0
1002,Logística,Operativo,1.5,10521.0,30,3,0
1003,Finanzas,Analista,9.2,21276.0,15,5,0
1004,Tecnología,Analista,0.8,18200.0,30,4,0
1005,Producción,Operativo,2.7,10200.0,15,3,0
1006,Ventas,Operativo,8.7,11848.0,17,4,1
1007,Logística,Analista,3.5,18537.0,23,4,0
1008,Finanzas,Analista,1.6,16032.0,25,4,0
1009,Tecnología,Operativo,1.0,9555.0,7,4,1
1010,Producción,Operativo,2.6,9441.0,13,3,1
1011,Ventas,Analista,4.4,18731.0,22,4,0
1012,Logística,Operativo,5.1,11202.0,27,3,0
1013,Finanzas,Operativo,5.0,9601.0,28,5,0
1014,Tecnología,Operativo,0.8,9613.0,3,4,0
1015,Producción,Analista,2.1,16503.0,18,5,0
1016,Ventas,Analista,3.0,16471.0,27,4,0
1017,Logística,Operativo,1.9,10629.0,28,5,0
1018,Finanzas,Operativo,4.8,9443.0,28,4,0
1019,Tecnología,Analista,2.7,16100.0,5,3,0
1020,Producción,Operativo,2.2,10740.0,0,3,1
1021,Ventas,Operativo,10.9,12922.0,26,5,0
1022,Logística,Coordinador,6.9,28599.0,23,4,0
1023,Finanzas,Analista,9.6,20301.0,22,5,0
1024,Tecnología,Operativo,1.6,9431.0,11,4,0
1025,Producción,Operativo,2.5,10016.0,24,3,0
1026,Ventas,Operativo,2.0,10280.0,16,4,1
1027,Logística,Operativo,4.3,10183.0,20,5,0
1028,Finanzas,Operativo,3.8,11881.0,23,3,0
1029,Tecnología,Coordinador,1.8,22389.0,29,4,0
1030,Producción,Operativo,5.7,11568.0,8,3,0
1031,Ventas,Analista,3.6,17228.0,22,5,0
1032,Logística,Operativo,2.7,11055.0,23,4,0
1033,Finanzas,Operativo,2.7,10675.0,29,4,1
1034,Tecnología,Analista,5.5,15617.0,29,4,1
1035,Producción,Operativo,2.8,10601.0,10,3,0
1036,Ventas,Operativo,0.2,9751.0,32,5,0
1037,Logística,Operativo,1.7,9584.0,24,2,1
1038,Finanzas,Analista,4.6,17751.0,23,4,1
1039,Tecnología,Analista,3.6,20537.0,34,5,1
1040,Producción,Analista,3.5,17268.0,16,4,0
1041,Ventas,Coordinador,2.7,25800.0,22,5,0
1042,Logística,Coordinador,3.1,26798.0,24,5,0
1043,Finanzas,Operativo,2.4,8594.0,18,3,1
1044,Tecnología,Analista,9.2,21642.0,21,4,0
1045,Producción,Operativo,0.4,8462.0,10,4,0
1046,Ventas,Analista,3.1,16430.0,16,3,0
1047,Logística,Operativo,0.4,9528.0,26,4,1
1048,Finanzas,Analista,8.4,20660.0,27,3,0
1049,Tecnología,Operativo,4.3,12128.0,24,3,1
1050,Producción,Coordinador,3.4,26643.0,10,4,0
1051,Ventas,Operativo,7.2,10621.0,20,3,1
1052,Logística,Gerente,2.5,41615.0,16,4,0
1053,Finanzas,Analista,2.6,16992.0,9,3,0
1054,Tecnología,Operativo,3.4,10998.0,19,3,0
1055,Producción,Operativo,4.3,10314.0,23,3,1
1056,Ventas,Operativo,6.3,11219.0,26,5,1
1057,Logística,Operativo,2.9,10417.0,34,4,0
1058,Finanzas,Operativo,6.7,12115.0,26,4,0
1059,Tecnología,Operativo,3.4,11092.0,20,4,0
1060,Producción,Operativo,3.3,10423.0,23,3,0
1061,Ventas,Operativo,1.4,9059.0,33,5,0
1062,Logística,Operativo,6.2,11359.0,36,3,0
1063,Finanzas,Coordinador,9.3,29044.0,26,5,0
1064,Tecnología,Operativo,2.4,10917.0,29,4,0
1065,Producción,Analista,2.5,16941.0,25,3,0
1066,Ventas,Coordinador,1.3,24743.0,13,4,0
1067,Logística,Operativo,2.6,10826.0,18,4,0
1068,Finanzas,Operativo,2.4,10208.0,19,3,1
1069,Tecnología,Operativo,6.8,11977.0,42,4,0
1070,Producción,Operativo,11.9,10876.0,8,4,0
1071,Ventas,Operativo,3.5,11046.0,23,5,1
1072,Logística,Operativo,1.4,9718.0,16,4,0
1073,Finanzas,Operativo,0.8,10115.0,32,4,0
1074,Tecnología,Operativo,3.4,11355.0,21,4,0
1075,Producción,Operativo,1.7,9665.0,19,3,0
1076,Ventas,Operativo,2.6,10545.0,38,5,0
1077,Logística,Gerente,5.0,48491.0,21,3,1
1078,Finanzas,Analista,4.8,17256.0,22,4,0
1079,Tecnología,Operativo,1.4,9133.0,36,3,0
1080,Producción,Operativo,4.6,10759.0,20,5,0
1081,Ventas,Operativo,1.5,9732.0,30,4,0
1082,Logística,Analista,2.9,16904.0,17,4,0
1083,Finanzas,Operativo,15.9,12787.0,17,3,0
1084,Tecnología,Operativo,2.0,10767.0,21,3,0
1085,Producción,Operativo,0.3,9102.0,19,5,0
1086,Ventas,Operativo,6.7,10728.0,16,4,0
1087,Logística,Operativo,3.0,10493.0,26,4,1
1088,Finanzas,Operativo,3.7,10666.0,25,3,0
1089,Tecnología,Analista,4.8,21291.0,42,3,0
1090,Producción,Operativo,6.4,11136.0,11,3,0
1091,Ventas,Operativo,2.6,9256.0,23,3,1
1092,Logística,Operativo,4.8,11178.0,24,4,0
1093,Finanzas,Operativo,1.4,9926.0,18,3,0
1094,Tecnología,Analista,2.0,15899.0,5,3,0
1095,Producción,Analista,7.6,17546.0,9,5,0
1096,Ventas,Operativo,2.4,12182.0,34,4,1
1097,Logística,Operativo,2.2,10169.0,16,4,0
1098,Finanzas,Operativo,1.7,9853.0,27,5,0
1099,Tecnología,Operativo,5.4,10142.0,21,4,0
1100,Producción,Operativo,3.0,9401.0,28,2,0
1101,Ventas,Operativo,2.7,10219.0,23,4,0
1102,Logística,Coordinador,1.7,25682.0,29,5,0
1103,Finanzas,Operativo,8.1,13121.0,22,4,0
1104,Tecnología,Gerente,4.3,46019.0,10,4,1
1105,Producción,Analista,7.3,19209.0,9,4,0
1106,Ventas,Operativo,5.7,10942.0,23,3,0
1107,Logística,Coordinador,1.2,25315.0,11,4,1
1108,Finanzas,Operativo,2.1,10328.0,29,5,0
1109,Tecnología,Operativo,9.1,10612.0,22,4,0
1110,Producción,Analista,2.7,19294.0,21,4,0
1111,Ventas,Analista,4.7,17269.0,20,3,1
1112,Logística,Operativo,2.5,11869.0,20,3,0
1113,Finanzas,Operativo,6.4,10488.0,25,5,0
1114,Tecnología,Operativo,3.4,9876.0,35,4,0
1115,Producción,Operativo,6.8,11739.0,11,3,0
1116,Ventas,Operativo,9.2,13150.0,36,4,0
1117,Logística,Operativo,0.9,9095.0,33,5,0
1118,Finanzas,Coordinador,3.4,26628.0,25,4,0
1119,Tecnología,Operativo,0.6,8969.0,25,5,0
1120,Producción,Analista,0.8,15593.0,20,4,0
