tienda_id,tienda,mes,region,formato,ventas,clientes,ticket_promedio,satisfaccion,tasa_devoluciones,tiene_promocion
1,Tienda Centro,2024-01,Norte,Grande,181187.89,3523,51.43,3,0.0355,0
1,Tienda Centro,2024-02,Norte,Grande,171586.14,3126,54.89,4,0.0338,0
1,Tienda Centro,2024-03,Norte,Grande,185269.35,3535,52.41,3,0.0397,0
1,Tienda Centro,2024-04,Norte,Grande,163332.06,3182,51.33,3,0.0271,0
1,Tienda Centro,2024-05,Norte,Grande,185369.76,3924,47.24,4,0.0416,1
1,Tienda Centro,2024-06,Norte,Grande,150836.92,2938,51.34,4,0.0411,0
1,Tienda Centro,2024-07,Norte,Grande,169814.62,3362,50.51,4,0.0506,0
1,Tienda Centro,2024-08,Norte,Grande,188312.08,3454,54.52,4,0.0389,0
1,Tienda Centro,2024-09,Norte,Grande,174290.58,3474,50.17,4,0.0536,0
1,Tienda Centro,2024-10,Norte,Grande,211183.7,4186,50.45,4,0.06,1
1,Tienda Centro,2024-11,Norte,Grande,213196.5,4015,53.1,4,0.0381,0
1,Tienda Centro,2024-12,Norte,Grande,234668.14,4309,54.46,5,0.0332,0
2,Tienda Plaza,2024-01,Norte,Mediana,107446.56,2056,52.26,3,0.0342,0
2,Tienda Plaza,2024-02,Norte,Mediana,109286.88,2006,54.48,3,0.0321,0
2,Tienda Plaza,2024-03,Norte,Mediana,95371.64,1862,51.22,4,0.0526,0
2,Tienda Plaza,2024-04,Norte,Mediana,106780.23,2073,51.51,4,0.0552,0
2,Tienda Plaza,2024-05,Norte,Mediana,110277.12,2076,53.12,4,0.038,0
2,Tienda Plaza,2024-06,Norte,Mediana,108904.02,2113,51.54,5,0.0465,0
2,Tienda Plaza,2024-07,Norte,Mediana,114070.0,2200,51.85,5,0.0399,0
2,Tienda Plaza,2024-08,Norte,Mediana,113815.68,2244,50.72,3,0.0196,1
2,Tienda Plaza,2024-09,Norte,Mediana,106253.1,2001,53.1,5,0.0317,0
2,Tienda Plaza,2024-10,Norte,Mediana,115378.49,2141,53.89,4,0.0379,0
2,Tienda Plaza,2024-11,Norte,Mediana,138371.76,2726,50.76,4,0.0404,0
2,Tienda Plaza,2024-12,Norte,Mediana,137525.7,2685,51.22,5,0.0419,0
3,Tienda Mall,2024-01,Sur,Grande,172741.5,3338,51.75,3,0.0487,0
3,Tienda Mall,2024-02,Sur,Grande,159906.25,3125,51.17,3,0.0676,1
3,Tienda Mall,2024-03,Sur,Grande,190062.58,3623,52.46,3,0.0725,0
3,Tienda Mall,2024-04,Sur,Grande,178244.37,3447,51.71,4,0.0502,0
3,Tienda Mall,2024-05,Sur,Grande,174999.96,3348,52.27,4,0.0537,0
3,Tienda Mall,2024-06,Sur,Grande,212080.74,4281,49.54,5,0.0601,1
3,Tienda Mall,2024-07,Sur,Grande,174366.27,3393,51.39,4,0.0562,0
3,Tienda Mall,2024-08,Sur,Grande,161798.0,3175,50.96,5,0.0533,0
3,Tienda Mall,2024-09,Sur,Grande,196782.63,3531,55.73,3,0.0579,0
3,Tienda Mall,2024-10,Sur,Grande,168368.0,3095,54.4,4,0.0607,0
3,Tienda Mall,2024-11,Sur,Grande,251512.31,5111,49.21,4,0.0489,1
3,Tienda Mall,2024-12,Sur,Grande,242809.08,4673,51.96,4,0.0597,0
4,Tienda Barrio,2024-01,Sur,Pequeña,59600.58,1118,53.31,3,0.0585,0
4,Tienda Barrio,2024-02,Sur,Pequeña,64973.52,1278,50.84,4,0.0544,1
4,Tienda Barrio,2024-03,Sur,Pequeña,66081.99,1219,54.21,4,0.0654,0
4,Tienda Barrio,2024-04,Sur,Pequeña,65648.31,1211,54.21,3,0.0751,0
4,Tienda Barrio,2024-05,Sur,Pequeña,70782.3,1395,50.74,4,0.0788,1
4,Tienda Barrio,2024-06,Sur,Pequeña,52550.82,1074,48.93,4,0.0498,0
4,Tienda Barrio,2024-07,Sur,Pequeña,59472.21,1211,49.11,2,0.0626,0
4,Tienda Barrio,2024-08,Sur,Pequeña,65493.77,1307,50.11,3,0.0449,1
4,Tienda Barrio,2024-09,Sur,Pequeña,53528.94,1086,49.29,4,0.0594,0
4,Tienda Barrio,2024-10,Sur,Pequeña,55834.1,1085,51.46,3,0.0511,0
4,Tienda Barrio,2024-11,Sur,Pequeña,73783.8,1374,53.7,4,0.0803,0
4,Tienda Barrio,2024-12,Sur,Pequeña,80279.15,1519,52.85,4,0.0455,0
5,Tienda Puerto,2024-01,Costa,Mediana,125946.9,2430,51.83,4,0.0371,0
5,Tienda Puerto,2024-02,Costa,Mediana,99343.41,2091,47.51,4,0.0203,0
5,Tienda Puerto,2024-03,Costa,Mediana,124479.45,2565,48.53,5,0.0405,1
5,Tienda Puerto,2024-04,Costa,Mediana,119956.75,2195,54.65,4,0.0405,0
5,Tienda Puerto,2024-05,Costa,Mediana,137747.52,2682,51.36,4,0.0422,1
5,Tienda Puerto,2024-06,Costa,Mediana,122393.92,2398,51.04,5,0.0273,0
5,Tienda Puerto,2024-07,Costa,Mediana,115738.5,2325,49.78,5,0.0546,0
5,Tienda Puerto,2024-08,Costa,Mediana,130121.64,2434,53.46,2,0.0425,0
5,Tienda Puerto,2024-09,Costa,Mediana,118022.24,2338,50.48,4,0.0382,0
5,Tienda Puerto,2024-10,Costa,Mediana,125389.32,2373,52.84,5,0.0344,0
5,Tienda Puerto,2024-11,Costa,Mediana,145795.57,2591,56.27,5,0.0492,0
5,Tienda Puerto,2024-12,Costa,Mediana,156594.5,2927,53.5,4,0.038,0
6,Tienda Playa,2024-01,Costa,Pequeña,73573.44,1384,53.16,4,0.0342,0
6,Tienda Playa,2024-02,Costa,Pequeña,72655.11,1439,50.49,4,0.0365,1
6,Tienda Playa,2024-03,Costa,Pequeña,68268.64,1264,54.01,3,0.0377,0
6,Tienda Playa,2024-04,Costa,Pequeña,68308.5,1469,46.5,3,0.0315,1
6,Tienda Playa,2024-05,Costa,Pequeña,64843.9,1210,53.59,5,0.0369,0
6,Tienda Playa,2024-06,Costa,Pequeña,67319.01,1283,52.47,3,0.0446,0
6,Tienda Playa,2024-07,Costa,Pequeña,71174.61,1437,49.53,3,0.0432,1
6,Tienda Playa,2024-08,Costa,Pequeña,65546.24,1184,55.36,3,0.0508,0
6,Tienda Playa,2024-09,Costa,Pequeña,69448.96,1288,53.92,5,0.038,0
6,Tienda Playa,2024-10,Costa,Pequeña,67438.89,1341,50.29,4,0.0496,1
6,Tienda Playa,2024-11,Costa,Pequeña,78079.4,1505,51.88,4,0.0379,0
6,Tienda Playa,2024-12,Costa,Pequeña,84589.74,1614,52.41,4,0.0421,0
7,Tienda Estación,2024-01,Norte,Pequeña,66397.32,1188,55.89,4,0.0406,0
7,Tienda Estación,2024-02,Norte,Pequeña,55772.08,1222,45.64,3,0.0485,1
7,Tienda Estación,2024-03,Norte,Pequeña,60693.66,1314,46.19,3,0.0332,1
7,Tienda Estación,2024-04,Norte,Pequeña,69089.4,1310,52.74,3,0.0283,0
7,Tienda Estación,2024-05,Norte,Pequeña,57015.77,1141,49.97,4,0.0285,0
7,Tienda Estación,2024-06,Norte,Pequeña,67178.25,1227,54.75,3,0.0451,0
7,Tienda Estación,2024-07,Norte,Pequeña,58383.1,1126,51.85,3,0.0256,0
7,Tienda Estación,2024-08,Norte,Pequeña,60556.8,1140,53.12,4,0.0227,0
7,Tienda Estación,2024-09,Norte,Pequeña,62420.7,1165,53.58,3,0.0503,0
7,Tienda Estación,2024-10,Norte,Pequeña,54390.72,1069,50.88,4,0.0446,0
7,Tienda Estación,2024-11,Norte,Pequeña,84459.18,1558,54.21,4,0.0362,0
7,Tienda Estación,2024-12,Norte,Pequeña,78516.48,1344,58.42,3,0.0559,0
8,Tienda Parque,2024-01,Sur,Mediana,103638.72,2136,48.52,4,0.0698,0
8,Tienda Parque,2024-02,Sur,Mediana,116872.8,2330,50.16,3,0.055,1
8,Tienda Parque,2024-03,Sur,Mediana,107706.63,2109,51.07,4,0.057,0
8,Tienda Parque,2024-04,Sur,Mediana,111235.08,2244,49.57,5,0.0447,1
8,Tienda Parque,2024-05,Sur,Mediana,102270.56,2032,50.33,5,0.0548,0
8,Tienda Parque,2024-06,Sur,Mediana,107412.48,2016,53.28,4,0.0525,0
8,Tienda Parque,2024-07,Sur,Mediana,112794.8,2095,53.84,4,0.0491,0
8,Tienda Parque,2024-08,Sur,Mediana,115976.28,2121,54.68,3,0.0596,0
8,Tienda Parque,2024-09,Sur,Mediana,110933.06,2198,50.47,3,0.0594,0
8,Tienda Parque,2024-10,Sur,Mediana,97106.55,1921,50.55,4,0.0487,0
8,Tienda Parque,2024-11,Sur,Mediana,129372.72,2516,51.42,4,0.0524,0
8,Tienda Parque,2024-12,Sur,Mediana,125670.3,2490,50.47,3,0.0786,0
